{
  "type": "minecraft:equipment",
  "pools": [
    {
      "rolls": 1,
      "entries": [
        {
          "type": "minecraft:item",
          "name": "minecraft:bow"
        }
      ],
      "functions": [
        {
          "function": "minecraft:enchant_with_levels",
          "levels": {
            "type": "minecraft:uniform",
            "min": 5,
            "max": 15
          },
          "options": "#minecraft:on_mob_spawn_equipment",
          "conditions": [
            {
              "condition": "minecraft:random_chance",
              "chance": 0.04
            }
          ]
        }
      ]
    }
  ],
  "random_sequence": "furbyhalls:equipment/skeleton/mainhand"
}