{
  "name": "furbyhalls:creature_high_chance",
  "elements": [
    {
      "weight": 12,
      "element": {
        "element_type": "minecraft:empty_pool_element",
        "projection": "rigid"
      }
    },
    {
      "weight": 1,
      "element": {
        "element_type": "minecraft:single_pool_element",
        "projection": "rigid",
        "location": "furbyhalls:creature/zombie",
        "processors": "furbyhalls:default"
      }
    },
    {
      "weight": 1,
      "element": {
        "element_type": "minecraft:single_pool_element",
        "projection": "rigid",
        "location": "furbyhalls:creature/skeleton",
        "processors": "furbyhalls:default"
      }
    },
    {
      "weight": 1,
      "element": {
        "element_type": "minecraft:single_pool_element",
        "projection": "rigid",
        "location": "furbyhalls:creature/creeper",
        "processors": "furbyhalls:default"
      }
    },
    {
      "weight": 1,
      "element": {
        "element_type": "minecraft:single_pool_element",
        "projection": "rigid",
        "location": "furbyhalls:creature/spider",
        "processors": "furbyhalls:default"
      }
    }
  ],
  "fallback": "furbyhalls:creature"
}