{
  "name": "furbyhalls:fallback",
  "elements": [
    {
      "weight": 150,
      "element": {
        "element_type": "minecraft:single_pool_element",
        "projection": "rigid",
        "location": "furbyhalls:standard/fallback_cubby/empty",
        "processors": "furbyhalls:default"
      }
    },
    {
      "weight": 25,
      "element": {
        "element_type": "minecraft:single_pool_element",
        "projection": "rigid",
        "location": "furbyhalls:standard/fallback_cubby/zombie",
        "processors": "furbyhalls:default"
      }
    },
    {
      "weight": 25,
      "element": {
        "element_type": "minecraft:single_pool_element",
        "projection": "rigid",
        "location": "furbyhalls:standard/fallback_cubby/skeleton",
        "processors": "furbyhalls:default"
      }
    },
    {
      "weight": 25,
      "element": {
        "element_type": "minecraft:single_pool_element",
        "projection": "rigid",
        "location": "furbyhalls:standard/fallback_cubby/creeper",
        "processors": "furbyhalls:default"
      }
    },
    {
      "weight": 25,
      "element": {
        "element_type": "minecraft:single_pool_element",
        "projection": "rigid",
        "location": "furbyhalls:standard/fallback_cubby/spider",
        "processors": "furbyhalls:default"
      }
    },
    {
      "weight": 1,
      "element": {
        "element_type": "minecraft:single_pool_element",
        "projection": "rigid",
        "location": "furbyhalls:standard/fallback",
        "processors": "furbyhalls:default"
      }
    },
    {
      "weight": 1,
      "element": {
        "element_type": "minecraft:single_pool_element",
        "projection": "rigid",
        "location": "furbyhalls:standard/fallback_last_resort",
        "processors": "furbyhalls:default"
      }
    }
  ],
  "fallback": "minecraft:empty"
}