{
  "name": "furbyhalls:horizontal",
  "elements": [
    {
      "weight": 3,
      "element": {
        "element_type": "minecraft:single_pool_element",
        "projection": "rigid",
        "location": "furbyhalls:standard/straight",
        "processors": "furbyhalls:default"
      }
    },
    {
      "weight": 4,
      "element": {
        "element_type": "minecraft:single_pool_element",
        "projection": "rigid",
        "location": "furbyhalls:standard/turn",
        "processors": "furbyhalls:default"
      }
    },
    {
      "weight": 7,
      "element": {
        "element_type": "minecraft:single_pool_element",
        "projection": "rigid",
        "location": "furbyhalls:standard/t",
        "processors": "furbyhalls:default"
      }
    },
    {
      "weight": 5,
      "element": {
        "element_type": "minecraft:single_pool_element",
        "projection": "rigid",
        "location": "furbyhalls:standard/cross",
        "processors": "furbyhalls:default"
      }
    },
    {
      "weight": 3,
      "element": {
        "element_type": "minecraft:single_pool_element",
        "projection": "rigid",
        "location": "furbyhalls:standard/stairs",
        "processors": "furbyhalls:default"
      }
    },
    {
      "weight": 1,
      "element": {
        "element_type": "minecraft:single_pool_element",
        "projection": "rigid",
        "location": "furbyhalls:standard/stairs_ledge",
        "processors": "furbyhalls:default"
      }
    },
    {
      "weight": 1,
      "element": {
        "element_type": "minecraft:single_pool_element",
        "projection": "rigid",
        "location": "furbyhalls:standard/spawner",
        "processors": "furbyhalls:default"
      }
    }
  ],
  "fallback": "furbyhalls:fallback"
}