{
  "type": "minecraft:jigsaw",
  "biomes": "#furbyhalls:has_structure/halls/default",
  "terrain_adaptation": "encapsulate",
  "start_jigsaw_name": "furbyhalls:origin",
  "project_start_to_heightmap": "OCEAN_FLOOR_WG",
  "max_distance_from_center": 80,
  "size": 8,
  "spawn_overrides": {},
  "start_height": {
    "type": "minecraft:uniform",
    "min_inclusive": {
      "absolute": -72
    },
    "max_inclusive": {
      "absolute": -40
    }
  },
  "start_pool": "furbyhalls:root",
  "step": "underground_decoration",
  "use_expansion_hack": false,
  "dimension_padding": 10,
  "liquid_settings": "ignore_waterlogging"
}