{
  "type": "minecraft:jigsaw",
  "biomes": "#furbyhalls:has_structure/halls/default",
  "terrain_adaptation": "encapsulate",
  "start_jigsaw_name": "furbyhalls:origin",
  "project_start_to_heightmap": "OCEAN_FLOOR_WG",
  "max_distance_from_center": 80,
  "size": 8,
  "spawn_overrides": {
    "monster": {
      "bounding_box": "piece",
      "spawns": [
        {
          "type": "minecraft:zombie",
          "weight": 95,
          "minCount": 4,
          "maxCount": 4
        },
        {
          "type": "minecraft:zombie_villager",
          "weight": 5,
          "minCount": 1,
          "maxCount": 1
        }
      ]
    }
  },
  "start_height": {
    "type": "minecraft:uniform",
    "min_inclusive": {
      "absolute": -72
    },
    "max_inclusive": {
      "absolute": -40
    }
  },
  "start_pool": "furbyhalls:zombie/root",
  "step": "underground_decoration",
  "use_expansion_hack": false,
  "pool_aliases": [
    {
      "type": "minecraft:direct",
      "alias": "furbyhalls:root",
      "target": "furbyhalls:zombie/root"
    },
    {
      "type": "minecraft:direct",
      "alias": "furbyhalls:horizontal",
      "target": "furbyhalls:zombie/horizontal"
    },
    {
      "type": "minecraft:direct",
      "alias": "furbyhalls:horizontal_no_stairs",
      "target": "furbyhalls:zombie/horizontal_no_stairs"
    },
    {
      "type": "minecraft:direct",
      "alias": "furbyhalls:creature",
      "target": "furbyhalls:zombie/creature"
    },
    {
      "type": "minecraft:direct",
      "alias": "furbyhalls:creature_high_chance",
      "target": "furbyhalls:zombie/creature_high_chance"
    },
    {
      "type": "minecraft:direct",
      "alias": "furbyhalls:fallback",
      "target": "furbyhalls:zombie/fallback"
    }
  ],
  "dimension_padding": 10,
  "liquid_settings": "ignore_waterlogging"
}