{
  "type": "minecraft:chest",
  "pools": [
    {
      "rolls": 1,
      "entries": [
        {
          "type": "minecraft:item",
          "name": "minecraft:gold_ingot",
          "functions": [
            {
              "function": "minecraft:set_count",
              "count": {
                "type": "minecraft:uniform",
                "min": 2,
                "max": 5
              }
            }
          ]
        }
      ]
    },
    {
      "rolls": {
        "type": "minecraft:uniform",
        "min": 1,
        "max": 2
      },
      "entries": [
        {
          "type": "minecraft:item",
          "name": "minecraft:gold_ingot",
          "weight": 3,
          "functions": [
            {
              "function": "minecraft:set_count",
              "count": {
                "type": "minecraft:uniform",
                "min": 1,
                "max": 3
              }
            }
          ]
        },
        {
          "type": "minecraft:item",
          "name": "minecraft:golden_apple",
          "weight": 2
        },
        {
          "type": "minecraft:item",
          "name": "minecraft:enchanted_golden_apple",
          "weight": 1
        },
        {
          "type": "minecraft:item",
          "name": "minecraft:golden_carrot",
          "weight": 3,
          "functions": [
            {
              "function": "minecraft:set_count",
              "count": {
                "type": "minecraft:uniform",
                "min": 2,
                "max": 4
              }
            }
          ]
        },
        {
          "type": "minecraft:item",
          "name": "minecraft:glistering_melon_slice",
          "weight": 1,
          "functions": [
            {
              "function": "minecraft:set_count",
              "count": {
                "min": 1,
                "max": 3
              }
            }
          ]
        }
      ],
      "conditions": [
        {
          "condition": "minecraft:random_chance",
          "chance": 0.8
        }
      ]
    },
    {
      "rolls": 1,
      "entries": [
        {
          "type": "minecraft:item",
          "name": "minecraft:golden_sword"
        },
        {
          "type": "minecraft:item",
          "name": "minecraft:golden_axe"
        },
        {
          "type": "minecraft:item",
          "name": "minecraft:golden_pickaxe"
        },
        {
          "type": "minecraft:item",
          "name": "minecraft:golden_shovel"
        },
        {
          "type": "minecraft:item",
          "name": "minecraft:golden_hoe"
        },
        {
          "type": "minecraft:item",
          "name": "minecraft:golden_helmet"
        },
        {
          "type": "minecraft:item",
          "name": "minecraft:golden_chestplate"
        },
        {
          "type": "minecraft:item",
          "name": "minecraft:golden_leggings"
        },
        {
          "type": "minecraft:item",
          "name": "minecraft:golden_boots"
        },
        {
          "type": "minecraft:item",
          "name": "minecraft:golden_horse_armor"
        }
      ],
      "functions": [
        {
          "function": "minecraft:reference",
          "name": "furbyhalls:treasure_enchanted_gear",
          "conditions": [
            {
              "condition": "minecraft:random_chance",
              "chance": 0.5
            }
          ]
        }
      ],
      "conditions": [
        {
          "condition": "minecraft:random_chance",
          "chance": 0.5
        }
      ]
    }
  ],
  "random_sequence": "furbyhalls:chests/components/extra_gold"
}