{
  "type": "minecraft:chest",
  "pools": [
    {
      "rolls": 1,
      "entries": [
        {
          "type": "minecraft:item",
          "name": "minecraft:bone"
        },
        {
          "type": "minecraft:item",
          "name": "minecraft:gunpowder"
        },
        {
          "type": "minecraft:item",
          "name": "minecraft:rotten_flesh"
        },
        {
          "type": "minecraft:item",
          "name": "minecraft:string"
        }
      ],
      "functions": [
        {
          "function": "minecraft:set_count",
          "count": {
            "type": "minecraft:uniform",
            "min": 1,
            "max": 8
          }
        }
      ]
    }
  ],
  "random_sequence": "furbyhalls:chests/components/mob_drops"
}