{
  "name": "furbyhalls:zombie/creature_high_chance",
  "elements": [
    {
      "weight": 12,
      "element": {
        "element_type": "minecraft:empty_pool_element",
        "projection": "rigid"
      }
    },
    {
      "weight": 4,
      "element": {
        "element_type": "minecraft:single_pool_element",
        "projection": "rigid",
        "location": "furbyhalls:creature/zombie",
        "processors": "furbyhalls:zombie"
      }
    }
  ],
  "fallback": "furbyhalls:zombie/creature"
}