{
  "type": "minecraft:jigsaw",
  "biomes": "#furbyhalls:has_structure/halls/default",
  "terrain_adaptation": "beard_thin",
  "start_jigsaw_name": "furbyhalls:origin",
  "project_start_to_heightmap": "OCEAN_FLOOR_WG",
  "max_distance_from_center": 80,
  "size": 1,
  "spawn_overrides": {},
  "start_height": {
    "absolute": 0
  },
  "start_pool": "furbyhalls:surface_marker/default",
  "step": "underground_decoration",
  "use_expansion_hack": false,
  "dimension_padding": 10,
  "liquid_settings": "apply_waterlogging"
}