{
  "type": "minecraft:equipment",
  "pools": [
    {
      "rolls": 1,
      "entries": [
        {
          "type": "minecraft:item",
          "name": "minecraft:iron_shovel",
          "weight": 2
        },
        {
          "type": "minecraft:item",
          "name": "minecraft:iron_sword",
          "weight": 1
        }
      ],
      "functions": [
        {
          "function": "minecraft:enchant_with_levels",
          "levels": {
            "type": "minecraft:uniform",
            "min": 5,
            "max": 10
          },
          "options": "#minecraft:on_mob_spawn_equipment",
          "conditions": [
            {
              "condition": "minecraft:random_chance",
              "chance": 0.0625
            }
          ]
        }
      ],
      "conditions": [
        {
          "condition": "minecraft:random_chance",
          "chance": 0.03125
        }
      ]
    }
  ],
  "random_sequence": "furbyhalls:equipment/zombie/mainhand"
}